firstname,lastname,email,Ciudad
Elbertina,Dunkin,Elbertina.Dunkin@yopmail.com,Turin
Wynne,Lattie,,Jersey City
Brandise,Ariella,Brandise.Ariella@yopmail.com,Alor Star
Sue,Madaih,Sue.Madaih@yopmail.com,Mbabane
Delilah,Ricarda,Delilah.Ricarda@yopmail.com,Harare
Elyssa,,Elyssa.Dom@yopmail.com,Kingston
Corina,Seessel,Corina.Seessel@yopmail.com,Espoo
Loree,Levey,Loree.Levey@yopmail.com,Belgrade
Darlleen,Lauraine,,San José
Kate,MacIntosh,Kate.MacIntosh@yopmail.com,
Tersina,An,Tersina.An@yopmail.com,Kaesong
Imojean,Genna,Imojean.Genna@yopmail.com,Pretoria
Ekaterina,Wareing,Ekaterina.Wareing@yopmail.com,Ouagadougou
Therine,Evangelia,Therine.Evangelia@yopmail.com,Jacksonville
Kimberley,Ferino,Kimberley.Ferino@yopmail.com,Campo Grande
Carmencita,Desai,,Sacramento
Rozele,Bevin,Rozele.Bevin@yopmail.com,Phnom Penh
Shaine,Dorine,Shaine.Dorine@yopmail.com,Handan
Cecile,Garbe,Cecile.Garbe@yopmail.com,City of Halifax
Tybie,Koehler,Tybie.Koehler@yopmail.com,Espoo
Elvira,Wittie,Elvira.Wittie@yopmail.com,Banjul
Tilly,Joli,Tilly.Joli@yopmail.com,Iloilo City
Caryl,Jotham,Caryl.Jotham@yopmail.com,Buffalo
Tatiania,Barrus,Tatiania.Barrus@yopmail.com,
Selma,Briney,Selma.Briney@yopmail.com,Philadelphia
Sadie,Kauppi,Sadie.Kauppi@yopmail.com,Dublin
Dorthy,Brunell,Dorthy.Brunell@yopmail.com,Thiès
Dorene,Jobi,Dorene.Jobi@yopmail.com,Cairo
Merry,Melony,Merry.Melony@yopmail.com,Bergen
Marguerite,Killigrew,,Portland
Perry,Kronfeld,Perry.Kronfeld@yopmail.com,Graz
Claudina,Durante,,Bridgetown
Cherrita,Pip,Cherrita.Pip@yopmail.com,Sacramento
Cindelyn,An,Cindelyn.An@yopmail.com,Damascus
Cacilie,Klotz,Cacilie.Klotz@yopmail.com,Novosibirsk
Layla,Angelis,,Willemstad
Alia,Tayib,Alia.Tayib@yopmail.com,
Kirbee,Lalitta,Kirbee.Lalitta@yopmail.com,Kiev
Melodie,Cyrie,Melodie.Cyrie@yopmail.com,Dhaka
Wendi,,Wendi.Plato@yopmail.com,Bangalore
Ira,Bow,Ira.Bow@yopmail.com,Porto Velho
Helena,Hathaway,Helena.Hathaway@yopmail.com,Daegu
Brana,Hermes,Brana.Hermes@yopmail.com,London
Rosaline,Rad,Rosaline.Rad@yopmail.com,Kigali
Shandie,Wesle,Shandie.Wesle@yopmail.com,Canberra
Sissy,Leonard,Sissy.Leonard@yopmail.com,Shillong
Beth,Deegan,Beth.Deegan@yopmail.com,Doha
Rubie,Brodench,Rubie.Brodench@yopmail.com,
Paule,Kermit,Paule.Kermit@yopmail.com,Bucharest
Therine,Sandye,,Wichita
Hettie,Fleeta,Hettie.Fleeta@yopmail.com,Cleveland
Pollyanna,Tippets,Pollyanna.Tippets@yopmail.com,Kunming
Jessy,Berriman,Jessy.Berriman@yopmail.com,Charlotte Amalie
Ebonee,Pernick,Ebonee.Pernick@yopmail.com,São Tomé
Zondra,Cath,Zondra.Cath@yopmail.com,Durango
Rori,Hermes,Rori.Hermes@yopmail.com,Santa Cruz de la Sierra
Jackie,Land,Jackie.Land@yopmail.com,
Lulita,Nance,Lulita.Nance@yopmail.com,
Dacia,Wittie,Dacia.Wittie@yopmail.com,Harare
Shaine,Lytton,Shaine.Lytton@yopmail.com,Calama
Tarra,Merat,Tarra.Merat@yopmail.com,Kota Kinabalu
Sabina,Flita,Sabina.Flita@yopmail.com,Sana'a
Lesly,Charity,Lesly.Charity@yopmail.com,Douala
Sindee,Waite,Sindee.Waite@yopmail.com,Forked River
Caressa,Kaja,Caressa.Kaja@yopmail.com,Bandar Seri Begawan
Luci,Bonucci,Luci.Bonucci@yopmail.com,Dili
Laurene,Connelly,Laurene.Connelly@yopmail.com,
Leeanne,Malvino,,Omsk
Basia,Jammal,Basia.Jammal@yopmail.com,Monterrey
Yvonne,Lowry,Yvonne.Lowry@yopmail.com,Andorra la Vella
Emma,Urias,Emma.Urias@yopmail.com,Montevideo
Eadie,,Eadie.Bluh@yopmail.com,Dar es Salaam
Arlina,Wilona,Arlina.Wilona@yopmail.com,Khartoum
Hope,Pulsifer,Hope.Pulsifer@yopmail.com,Da Nang
Dorthy,Douglass,Dorthy.Douglass@yopmail.com,Bloemfontein
Ronna,Tacye,Ronna.Tacye@yopmail.com,Pago Pago
Caressa,Allina,Caressa.Allina@yopmail.com,Turin
Edee,Sikorski,Edee.Sikorski@yopmail.com,Port of Spain
Mignon,Hylan,Mignon.Hylan@yopmail.com,Yellowknife
Kalina,Jerald,Kalina.Jerald@yopmail.com,Charlottetown
Susan,Engdahl,Susan.Engdahl@yopmail.com,Guadalajara
Alyssa,Anis,Alyssa.Anis@yopmail.com,Hanoi
Korrie,Ricarda,Korrie.Ricarda@yopmail.com,Nairobi
Minne,Carey,Minne.Carey@yopmail.com,Vatican City
Trixi,Ellerey,Trixi.Ellerey@yopmail.com,Bratsk
Jany,Elo,Jany.Elo@yopmail.com,Wellington
Lexine,Hachmin,Lexine.Hachmin@yopmail.com,Makassar
Mignon,Kendrick,Mignon.Kendrick@yopmail.com,Tegucigalpa
Margalo,Tufts,Margalo.Tufts@yopmail.com,Multan
Nanete,Soneson,,Leeds
Gertrud,Cleo,Gertrud.Cleo@yopmail.com,
Ericka,Vacuva,Ericka.Vacuva@yopmail.com,Jayapura
Kalina,Eno,Kalina.Eno@yopmail.com,Lisbon
Dorothy,Bluh,Dorothy.Bluh@yopmail.com,Monrovia
Caryl,Redmond,Caryl.Redmond@yopmail.com,Nukus
Rebeca,Hazlett,Rebeca.Hazlett@yopmail.com,Montevideo
Susette,Pettiford,Susette.Pettiford@yopmail.com,Bandar Seri Begawan
Robinia,Faso,Robinia.Faso@yopmail.com,The Valley
Andeee,Pip,Andeee.Pip@yopmail.com,Frankfurt
Adele,McNully,Adele.McNully@yopmail.com,Hai Phong
Jordan,Ranjiv,Jordan.Ranjiv@yopmail.com,The Valley
Edee,Sandye,Edee.Sandye@yopmail.com,Manama
Tani,,Tani.Turne@yopmail.com,Kraków
Chastity,Masao,Chastity.Masao@yopmail.com,
Chickie,Vorster,Chickie.Vorster@yopmail.com,El Aaiún
Madeleine,Sundin,Madeleine.Sundin@yopmail.com,Campo Grande
Tani,Toni,Tani.Toni@yopmail.com,Los Angeles
Melisent,Harriman,,Sana'a
Diena,Izaak,Diena.Izaak@yopmail.com,Kathmandu
Hildegaard,Ricki,Hildegaard.Ricki@yopmail.com,Panama City
Alyda,Gilmour,Alyda.Gilmour@yopmail.com,Cleveland
Florencia,Emerson,Florencia.Emerson@yopmail.com,Kota Kinabalu
Konstance,Annice,Konstance.Annice@yopmail.com,Guwahati
Fred,Grobe,Fred.Grobe@yopmail.com,Juneau
Magdalena,Tound,Magdalena.Tound@yopmail.com,Punta Arenas
Yetty,O'Neill,Yetty.O'Neill@yopmail.com,Port Hedland
Lacie,Diogenes,Lacie.Diogenes@yopmail.com,Panama City
Gretal,Tatianas,Gretal.Tatianas@yopmail.com,Tampa
Emma,Kosey,Emma.Kosey@yopmail.com,Mecca
Alameda,Sophronia,Alameda.Sophronia@yopmail.com,New Delhi
Jinny,Vary,Jinny.Vary@yopmail.com,Magadan
Shauna,Adrienne,Shauna.Adrienne@yopmail.com,Durban
Korrie,Harl,Korrie.Harl@yopmail.com,Hilo
Daune,,,Livingstone
Delilah,Dominy,Delilah.Dominy@yopmail.com,Kano
Grier,Carlson,Grier.Carlson@yopmail.com,Miri
Charlena,Manolo,Charlena.Manolo@yopmail.com,Hong Kong
Starla,Huggins,Starla.Huggins@yopmail.com,Fukuoka
Shirlee,Linskey,Shirlee.Linskey@yopmail.com,Luxor
Maridel,Elvyn,Maridel.Elvyn@yopmail.com,Yamoussoukro
Ariela,Couture,Ariela.Couture@yopmail.com,Astana
Vevay,Decato,Vevay.Decato@yopmail.com,Ipoh
Mallory,Roche,Mallory.Roche@yopmail.com,Harare
Rebeca,Kunin,Rebeca.Kunin@yopmail.com,Abuja
Elvira,Chapland,Elvira.Chapland@yopmail.com,Honiara
Yetty,Marisa,Yetty.Marisa@yopmail.com,Cali
Katleen,Mauer,Katleen.Mauer@yopmail.com,
Jackie,Salvidor,Jackie.Salvidor@yopmail.com,Cardiff
Verla,Mike,Verla.Mike@yopmail.com,Sukhumi
Ekaterina,Hoenack,Ekaterina.Hoenack@yopmail.com,Santa Cruz de Tenerife
Paola,Connelly,Paola.Connelly@yopmail.com,Düsseldorf
June,Matthew,June.Matthew@yopmail.com,Dakar
Meriel,Wenoa,Meriel.Wenoa@yopmail.com,Tamale
Sam,Huggins,Sam.Huggins@yopmail.com,Mérida
Imojean,,Imojean.Juliet@yopmail.com,Oranjestad
Cherilyn,Kazimir,,Mérida
Lulita,Caitlin,Lulita.Caitlin@yopmail.com,Hiroshima
Joy,Nikaniki,Joy.Nikaniki@yopmail.com,Malacca Town
Nyssa,Sandye,Nyssa.Sandye@yopmail.com,San Francisco
Pearline,Loring,Pearline.Loring@yopmail.com,Bergen
Ebonee,Ehrman,Ebonee.Ehrman@yopmail.com,
Marinna,Judye,Marinna.Judye@yopmail.com,San Carlos de Bariloche
Emilia,Zamora,Emilia.Zamora@yopmail.com,Sri Jayawardenapura-Kotte
Berta,Lymann,Berta.Lymann@yopmail.com,Whitehorse
Tori,Ardeha,Tori.Ardeha@yopmail.com,Lisbon
Amii,Rugen,Amii.Rugen@yopmail.com,Maseru
Helena,Melony,Helena.Melony@yopmail.com,Tamale
Romona,Zetta,Romona.Zetta@yopmail.com,Yerevan
Jsandye,Friede,Jsandye.Friede@yopmail.com,Lobamba
Hannis,Marlie,Hannis.Marlie@yopmail.com,Hyderabad
Jean,Evvie,Jean.Evvie@yopmail.com,Labasa
Sheree,Juan,Sheree.Juan@yopmail.com,Asunción
Stevana,Kirbee,Stevana.Kirbee@yopmail.com,Santiago
Patricia,Ball,Patricia.Ball@yopmail.com,Medellín
Arlena,Urias,Arlena.Urias@yopmail.com,Kolkata
Consuela,Carlson,Consuela.Carlson@yopmail.com,Balikpapan
Gerianna,,Gerianna.Bendick@yopmail.com,
Elena,Mike,Elena.Mike@yopmail.com,Seoul
Aurelie,Shirberg,,Jacksonville
Elora,Durware,Elora.Durware@yopmail.com,Washington
Valeda,Concha,Valeda.Concha@yopmail.com,Longyearbyen
Ruthe,Angelis,Ruthe.Angelis@yopmail.com,Thimphu
Augustine,Camden,Augustine.Camden@yopmail.com,Djibouti (city)
Micheline,Lymann,Micheline.Lymann@yopmail.com,Francistown
Norine,Emanuel,Norine.Emanuel@yopmail.com,Indianapolis
Ronna,Even,Ronna.Even@yopmail.com,Ciudad del Este
Elmira,Delila,Elmira.Delila@yopmail.com,Vatican City
Dagmar,Sherfield,Dagmar.Sherfield@yopmail.com,Davao City
Sabina,Liva,Sabina.Liva@yopmail.com,Cockburn Town
Madeleine,McLaughlin,Madeleine.McLaughlin@yopmail.com,Minsk
Jsandye,Monk,Jsandye.Monk@yopmail.com,Port Said
Dulce,Durware,Dulce.Durware@yopmail.com,Oranjestad
Farrah,Kussell,Farrah.Kussell@yopmail.com,Labasa
Madelle,Alcott,Madelle.Alcott@yopmail.com,Calama
Aurore,Astra,Aurore.Astra@yopmail.com,Milwaukee
Konstance,Alrich,Konstance.Alrich@yopmail.com,Cairns
Althea,Carey,Althea.Carey@yopmail.com,
Emmey,Rillings,Emmey.Rillings@yopmail.com,Khartoum
Aurelie,Madaih,Aurelie.Madaih@yopmail.com,Harbin
Binny,Nore,Binny.Nore@yopmail.com,Melbourne
Lynea,Nester,Lynea.Nester@yopmail.com,Dili
Konstance,Read,Konstance.Read@yopmail.com,Chiang Mai
Phedra,Fredi,Phedra.Fredi@yopmail.com,Marseille
Ekaterina,Baudin,Ekaterina.Baudin@yopmail.com,Winnipeg
Edyth,Schenck,Edyth.Schenck@yopmail.com,Lahore
Danny,Ochs,Danny.Ochs@yopmail.com,Osaka
Gerrie,Pulsifer,Gerrie.Pulsifer@yopmail.com,Chittagong
Larine,,Larine.Tamsky@yopmail.com,Naypyidaw
Hermione,Sundin,Hermione.Sundin@yopmail.com,Baku
Odessa,Ochs,Odessa.Ochs@yopmail.com,Adana
Britni,Jorgan,Britni.Jorgan@yopmail.com,Helsinki
Tatiania,Sparhawk,Tatiania.Sparhawk@yopmail.com,Gaborone
Georgetta,Thilda,Georgetta.Thilda@yopmail.com,Luxembourg (city)
Katharina,Chinua,Katharina.Chinua@yopmail.com,Oslo
Marnia,Barbey,Marnia.Barbey@yopmail.com,Hagåtña
Darci,Hessler,Darci.Hessler@yopmail.com,Papeete
Concettina,Oscar,Concettina.Oscar@yopmail.com,Tagbilaran
Deirdre,Diann,Deirdre.Diann@yopmail.com,Timbuktu
Stephanie,Darbie,Stephanie.Darbie@yopmail.com,
Vinita,Zamora,Vinita.Zamora@yopmail.com,Harare
Gavrielle,Emmy,Gavrielle.Emmy@yopmail.com,Vitória
Louella,Katrine,,Winnipeg
Ulrike,Ball,Ulrike.Ball@yopmail.com,Hanover
Roseline,Vanni,Roseline.Vanni@yopmail.com,Fortaleza
Maridel,Moina,Maridel.Moina@yopmail.com,Patna
Harrietta,McLaughlin,Harrietta.McLaughlin@yopmail.com,Charlotte Amalie
Danny,Paton,Danny.Paton@yopmail.com,Medan
Ariela,Dermott,Ariela.Dermott@yopmail.com,Sana'a
Lyssa,Orpah,Lyssa.Orpah@yopmail.com,Calama
Deirdre,Jerold,Deirdre.Jerold@yopmail.com,Charlotte
Madalyn,Honoria,Madalyn.Honoria@yopmail.com,Houston
Gerianna,Kendrick,Gerianna.Kendrick@yopmail.com,Nairobi
Ermengarde,,Ermengarde.Swigart@yopmail.com,Dresden
Bernardine,Martsen,Bernardine.Martsen@yopmail.com,Mexico City
Collen,Bow,Collen.Bow@yopmail.com,
Zia,Flyn,Zia.Flyn@yopmail.com,Yakutsk
Trudie,Phaidra,Trudie.Phaidra@yopmail.com,Kabul
Leeanne,Hunfredo,Leeanne.Hunfredo@yopmail.com,Mogadishu
Mathilda,Orlene,Mathilda.Orlene@yopmail.com,Kanpur
Lorne,Durante,Lorne.Durante@yopmail.com,Frankfurt
Wileen,Old,Wileen.Old@yopmail.com,Baltimore
Odessa,Madox,Odessa.Madox@yopmail.com,Cartagena
Kamilah,Wildermuth,Kamilah.Wildermuth@yopmail.com,London
Sonni,Madox,Sonni.Madox@yopmail.com,Mwanza
Arabel,Elbertina,Arabel.Elbertina@yopmail.com,Arequipa
Blake,Gherardo,Blake.Gherardo@yopmail.com,Malmö
Codie,Alcott,,Manzini
Korrie,Koehler,Korrie.Koehler@yopmail.com,Dongguan
Carmencita,Salvidor,Carmencita.Salvidor@yopmail.com,
Darci,Noman,Darci.Noman@yopmail.com,Pelotas
Rayna,Avi,Rayna.Avi@yopmail.com,Magadan
Ingrid,Slifka,Ingrid.Slifka@yopmail.com,Ankara
Gabriellia,Stover,Gabriellia.Stover@yopmail.com,Belém
Benita,Nadia,Benita.Nadia@yopmail.com,Peshawar
Marita,Sandye,Marita.Sandye@yopmail.com,Vaduz
Brietta,Rogerio,Brietta.Rogerio@yopmail.com,Surat Thani
Lynea,Carolin,Lynea.Carolin@yopmail.com,Santa Cruz de la Sierra
Modestia,,Modestia.Hathaway@yopmail.com,Nizhny Novgorod
Sindee,Gower,Sindee.Gower@yopmail.com,Hilo
Vanessa,Ammann,,Jakarta
Lindie,Douglass,Lindie.Douglass@yopmail.com,Tbilisi
Babita,Ciro,Babita.Ciro@yopmail.com,Nukulaelae
Elka,Craggie,Elka.Craggie@yopmail.com,
Dacia,Adrienne,Dacia.Adrienne@yopmail.com,Glasgow
Eolanda,Rurik,Eolanda.Rurik@yopmail.com,San Antonio
Ileana,Bebe,Ileana.Bebe@yopmail.com,Vientiane
Helena,Juliet,Helena.Juliet@yopmail.com,Guayaquil
Consuela,Bandeen,Consuela.Bandeen@yopmail.com,Palikir
Evaleen,Anton,Evaleen.Anton@yopmail.com,Murmansk
Alex,Wu,Alex.Wu@yopmail.com,Yaoundé
Aurore,Allys,Aurore.Allys@yopmail.com,Marrakech
Ileana,Francyne,Ileana.Francyne@yopmail.com,
Beverley,Alfons,Beverley.Alfons@yopmail.com,Christchurch
Yetty,Luhe,,Ljubljana
Jan,Ludewig,Jan.Ludewig@yopmail.com,Kaohsiung
Jobi,Evvie,Jobi.Evvie@yopmail.com,Split (city)
Edee,Kat,Edee.Kat@yopmail.com,Ürümqi
Dawn,Lindemann,Dawn.Lindemann@yopmail.com,Adamstown
Bobbi,Sasnett,Bobbi.Sasnett@yopmail.com,Brikama
Steffane,Vale,Steffane.Vale@yopmail.com,N'Djamena
Therine,Shama,Therine.Shama@yopmail.com,Shijiazhuang
Malina,Rhu,Malina.Rhu@yopmail.com,Da Nang
Lucy,Izaak,Lucy.Izaak@yopmail.com,Nukuʻalofa
Blondelle,Camden,Blondelle.Camden@yopmail.com,
Steffane,Papageno,Steffane.Papageno@yopmail.com,Salzburg
Bernie,Stephie,Bernie.Stephie@yopmail.com,Campinas
Kary,Berne,Kary.Berne@yopmail.com,Mandurah
Eugine,Rolf,Eugine.Rolf@yopmail.com,Innsbruck
Hallie,,Hallie.Ahab@yopmail.com,Iloilo City
Winifred,Jaylene,Winifred.Jaylene@yopmail.com,Belmopan
Sam,Iiette,Sam.Iiette@yopmail.com,Manzini
Nikki,Lilybelle,Nikki.Lilybelle@yopmail.com,Funafuti
Genovera,Fosque,Genovera.Fosque@yopmail.com,Pattaya
Helena,Chem,Helena.Chem@yopmail.com,Ushuaia
Coral,Swanhildas,Coral.Swanhildas@yopmail.com,Valdivia
Blondelle,Jobi,Blondelle.Jobi@yopmail.com,Incheon
Jeanna,Boehike,Jeanna.Boehike@yopmail.com,Mata-Utu
Maisey,Chesna,,Hanga Roa
Alameda,Malvino,,Gdańsk
Teriann,Carri,Teriann.Carri@yopmail.com,Rochester
Zaria,Pacorro,Zaria.Pacorro@yopmail.com,Manama
Pierette,Gunn,Pierette.Gunn@yopmail.com,Koulikoro
Harmonia,Kaete,Harmonia.Kaete@yopmail.com,Buenos Aires
Maurene,Aprile,Maurene.Aprile@yopmail.com,The Valley
Annice,Roxanna,Annice.Roxanna@yopmail.com,Doha
Maud,,Maud.Carleen@yopmail.com,Milan
Elfreda,Docilla,,
Isa,Shuler,Isa.Shuler@yopmail.com,Kuching
Claudina,Duwalt,Claudina.Duwalt@yopmail.com,Koulikoro
Elmira,Korey,Elmira.Korey@yopmail.com,Ndola
